<?xml version="1.0" encoding="UTF-8"?>
<addon id="plugin.program.browser.launcher" name="Browser Launcher" version="1.2.6" provider-name="AddonScriptorDE + Sandmann79">
    <extension point="xbmc.python.pluginsource" library="default.py">
        <provides>executable</provides>
    </extension>
    <extension point="xbmc.addon.metadata">
        <platform>all</platform>
        <summary lang="en_GB">Browser Launcher</summary>
        <language></language>
        <description lang="en_GB">Launch websites via selected Browser in Kiosk-mode</description>
        <description lang="de_DE">Öffnet Websiten mit dem ausgewählten Browser im Vollbildmodus</description>
        <email>AddonScriptorDE at yahoo dot de</email>
        <website></website>
        <license>GPL-2.0-only</license>
        <assets>
            <icon>icon.png</icon>
        </assets>
    </extension>
</addon>
