<?xml version="1.0" encoding="UTF-8" standalone="yes"?>
<addon id="repository.sandmann79.plugins" name="Sandmann79s Repository Leia" version="1.0.3" provider-name="Sandmann79">
	<extension point="xbmc.addon.repository" name="Sandmann79s Repository Leia">
		<info compressed="false">https://raw.githubusercontent.com/Sandmann79/xbmc/repo/packages/addons.xml</info>
		<checksum>https://raw.githubusercontent.com/Sandmann79/xbmc/repo/packages/addons.xml.md5</checksum>
		<datadir zip="true">https://raw.githubusercontent.com/Sandmann79/xbmc/repo/packages/</datadir>
	</extension>
	<extension point="xbmc.addon.metadata">
		<summary>Various Addons for Kodi 18 and below</summary>
		<description></description>
		<disclaimer></disclaimer>
		<platform>all</platform>
	</extension>
</addon>
