<?xml version="1.0" encoding="UTF-8" standalone="yes"?>
<addon id="plugin.video.amazon"
       name="Amazon"
       version="1.0.0"
       provider-name="Sandmann79 + BlueCop + Romans I XVI">
  <requires>
    <import addon="xbmc.python" version="2.1.0"/>
    <import addon="script.module.beautifulsoup" version="3.2.1"/>
    <import addon="script.module.demjson" version="2.2.2"/>
    <import addon="script.module.mechanize" version="0.2.6"/>
    <import addon="script.module.amazon.database" version="0.0.2"/>
    <import addon="plugin.program.browser.launcher" version="1.1.1"/>
  </requires>
  <extension point="xbmc.python.pluginsource"
             library="default.py">
	<provides>video</provides>
  </extension>
  <extension point="xbmc.addon.metadata">
    <platform>all</platform>
    <summary>Amazon Prime Video Streaming</summary>
    <description>Movies and Television Shows for Prime Members[CR][CR]In order to use this addon you must have Chrome Launcher installed.</description>
    <disclaimer>Some parts of this addon may not be legal in your country of residence - please check with your local laws before installing.</disclaimer>
  </extension>
</addon>