<?xml version="1.0" encoding="UTF-8" standalone="yes"?>
<addon id="script.module.mechanicalsoup"
	name="MechanicalSoup"
	version="0.12.0+matrix.1"
	provider-name="Matthew Hickford, Dan Hemberger, Matthieu Moy">
	<requires>
		<import addon="xbmc.python" version="3.0.0"/>
		<import addon="script.module.requests" version="2.22.0+matrix.1"/>
		<import addon="script.module.beautifulsoup4" version="4.6.3+matrix.1"/>
		<import addon="script.module.six" version="1.14.0+matrix.1"/>
	</requires>
	<extension point="xbmc.python.module" library="lib" />
	<extension point="xbmc.addon.metadata">
		<summary lang="en_GB">A Python library for automating interaction with websites.</summary>
		<forum></forum>
		<website>https://mechanicalsoup.readthedocs.io/</website>
		<license>MIT</license>
		<platform>all</platform>
		<source>https://github.com/MechanicalSoup/MechanicalSoup</source>
        <assets>
            <icon>icon.png</icon>
        </assets>
	</extension>
</addon>
